path,filename,true_index,true_label,predicted_index,predicted_label,confidence,correct,p_cardboard,p_glass,p_metal,p_paper,p_plastic,p_trash
/Users/marina/MY_PROJECTS/BinSight_iOS_with_tflite/ml/trashnet_classifier/data/raw/dataset-resized/dataset-resized/plastic/plastic307.jpg,plastic307.jpg,4,plastic,2,metal,0.99611294,False,0.00023763694,0.0018196527,0.99611294,1.1550206e-06,0.0008906886,0.00093788817
/Users/marina/MY_PROJECTS/BinSight_iOS_with_tflite/ml/trashnet_classifier/data/raw/dataset-resized/dataset-resized/glass/glass453.jpg,glass453.jpg,1,glass,2,metal,0.9741591,False,1.1734013e-06,0.02350453,0.9741591,9.333472e-07,0.00089616334,0.0014380552
/Users/marina/MY_PROJECTS/BinSight_iOS_with_tflite/ml/trashnet_classifier/data/raw/dataset-resized/dataset-resized/trash/trash34.jpg,trash34.jpg,5,trash,2,metal,0.964097,False,6.506295e-05,0.0140315,0.964097,0.00014696278,0.0012527119,0.020406758
/Users/marina/MY_PROJECTS/BinSight_iOS_with_tflite/ml/trashnet_classifier/data/raw/dataset-resized/dataset-resized/cardboard/cardboard128.jpg,cardboard128.jpg,0,cardboard,3,paper,0.9434512,False,0.002355375,0.006578315,0.04451947,0.9434512,0.0018976087,0.0011979475
/Users/marina/MY_PROJECTS/BinSight_iOS_with_tflite/ml/trashnet_classifier/data/raw/dataset-resized/dataset-resized/trash/trash52.jpg,trash52.jpg,5,trash,3,paper,0.9421968,False,0.045883518,0.003081855,0.004582817,0.9421968,0.0002453423,0.0040097176
/Users/marina/MY_PROJECTS/BinSight_iOS_with_tflite/ml/trashnet_classifier/data/raw/dataset-resized/dataset-resized/glass/glass158.jpg,glass158.jpg,1,glass,2,metal,0.939879,False,7.2052426e-05,0.057610948,0.939879,0.00041696313,0.0012281495,0.0007928118
/Users/marina/MY_PROJECTS/BinSight_iOS_with_tflite/ml/trashnet_classifier/data/raw/dataset-resized/dataset-resized/plastic/plastic68.jpg,plastic68.jpg,4,plastic,1,glass,0.93765795,False,8.2688047e-07,0.93765795,0.005603642,9.545879e-07,0.055406835,0.0013296711
/Users/marina/MY_PROJECTS/BinSight_iOS_with_tflite/ml/trashnet_classifier/data/raw/dataset-resized/dataset-resized/glass/glass408.jpg,glass408.jpg,1,glass,2,metal,0.92473745,False,0.0005412668,0.07139759,0.92473745,0.00017701065,0.0015584821,0.0015881355
/Users/marina/MY_PROJECTS/BinSight_iOS_with_tflite/ml/trashnet_classifier/data/raw/dataset-resized/dataset-resized/plastic/plastic249.jpg,plastic249.jpg,4,plastic,2,metal,0.8964866,False,9.142988e-05,0.0067835567,0.8964866,1.5625707e-05,0.09641211,0.00021066479
/Users/marina/MY_PROJECTS/BinSight_iOS_with_tflite/ml/trashnet_classifier/data/raw/dataset-resized/dataset-resized/glass/glass340.jpg,glass340.jpg,1,glass,2,metal,0.895882,False,0.0012268204,0.0893475,0.895882,0.003152703,0.009924153,0.00046683635
/Users/marina/MY_PROJECTS/BinSight_iOS_with_tflite/ml/trashnet_classifier/data/raw/dataset-resized/dataset-resized/cardboard/cardboard331.jpg,cardboard331.jpg,0,cardboard,3,paper,0.8929441,False,0.103152394,0.00040262935,0.0007712766,0.8929441,0.00040680647,0.002322755
/Users/marina/MY_PROJECTS/BinSight_iOS_with_tflite/ml/trashnet_classifier/data/raw/dataset-resized/dataset-resized/glass/glass410.jpg,glass410.jpg,1,glass,2,metal,0.8878825,False,1.4153485e-05,0.090528935,0.8878825,2.8090674e-06,0.021236422,0.0003351715
/Users/marina/MY_PROJECTS/BinSight_iOS_with_tflite/ml/trashnet_classifier/data/raw/dataset-resized/dataset-resized/trash/trash50.jpg,trash50.jpg,5,trash,2,metal,0.88770837,False,2.9552217e-05,0.006596287,0.88770837,6.9543974e-05,0.0011938364,0.10440236
/Users/marina/MY_PROJECTS/BinSight_iOS_with_tflite/ml/trashnet_classifier/data/raw/dataset-resized/dataset-resized/paper/paper201.jpg,paper201.jpg,3,paper,2,metal,0.82796365,False,5.2410684e-05,0.16816497,0.82796365,7.3666683e-06,0.0031332255,0.00067836756
/Users/marina/MY_PROJECTS/BinSight_iOS_with_tflite/ml/trashnet_classifier/data/raw/dataset-resized/dataset-resized/trash/trash82.jpg,trash82.jpg,5,trash,3,paper,0.8255178,False,0.012660435,0.00064930593,0.0491792,0.8255178,0.00022955419,0.1117637
/Users/marina/MY_PROJECTS/BinSight_iOS_with_tflite/ml/trashnet_classifier/data/raw/dataset-resized/dataset-resized/trash/trash59.jpg,trash59.jpg,5,trash,0,cardboard,0.7883519,False,0.7883519,9.277052e-06,0.0001069139,0.024386333,0.000104757644,0.18704079
/Users/marina/MY_PROJECTS/BinSight_iOS_with_tflite/ml/trashnet_classifier/data/raw/dataset-resized/dataset-resized/cardboard/cardboard41.jpg,cardboard41.jpg,0,cardboard,3,paper,0.7619696,False,0.23748685,4.0430166e-07,2.793776e-06,0.7619696,0.0004469102,9.3389965e-05
/Users/marina/MY_PROJECTS/BinSight_iOS_with_tflite/ml/trashnet_classifier/data/raw/dataset-resized/dataset-resized/paper/paper209.jpg,paper209.jpg,3,paper,2,metal,0.75934315,False,0.0020959575,0.0017359602,0.75934315,0.23189634,0.0010097448,0.0039188517
/Users/marina/MY_PROJECTS/BinSight_iOS_with_tflite/ml/trashnet_classifier/data/raw/dataset-resized/dataset-resized/plastic/plastic69.jpg,plastic69.jpg,4,plastic,1,glass,0.751775,False,7.2012217e-06,0.751775,0.010064274,0.00033303435,0.2348118,0.0030086301
/Users/marina/MY_PROJECTS/BinSight_iOS_with_tflite/ml/trashnet_classifier/data/raw/dataset-resized/dataset-resized/metal/metal256.jpg,metal256.jpg,2,metal,1,glass,0.75124073,False,1.5642325e-05,0.75124073,0.24509434,0.00079100707,0.0020800605,0.00077813707
/Users/marina/MY_PROJECTS/BinSight_iOS_with_tflite/ml/trashnet_classifier/data/raw/dataset-resized/dataset-resized/paper/paper53.jpg,paper53.jpg,3,paper,0,cardboard,0.7493289,False,0.7493289,0.00039432076,0.059873458,0.013835739,0.1752679,0.0012996662
/Users/marina/MY_PROJECTS/BinSight_iOS_with_tflite/ml/trashnet_classifier/data/raw/dataset-resized/dataset-resized/glass/glass348.jpg,glass348.jpg,1,glass,2,metal,0.7474204,False,3.9725637e-05,0.23735869,0.7474204,4.0775876e-06,0.0130272005,0.0021498918
/Users/marina/MY_PROJECTS/BinSight_iOS_with_tflite/ml/trashnet_classifier/data/raw/dataset-resized/dataset-resized/glass/glass307.jpg,glass307.jpg,1,glass,2,metal,0.7341212,False,7.692411e-06,0.08483358,0.7341212,1.9742383e-05,0.17946212,0.0015556676
/Users/marina/MY_PROJECTS/BinSight_iOS_with_tflite/ml/trashnet_classifier/data/raw/dataset-resized/dataset-resized/paper/paper213.jpg,paper213.jpg,3,paper,0,cardboard,0.7333412,False,0.7333412,3.2074915e-06,0.00047073976,0.10177328,0.00091245974,0.16349907
/Users/marina/MY_PROJECTS/BinSight_iOS_with_tflite/ml/trashnet_classifier/data/raw/dataset-resized/dataset-resized/paper/paper428.jpg,paper428.jpg,3,paper,5,trash,0.7257749,False,0.0028699064,0.00010070783,0.017895421,0.2374203,0.01593877,0.7257749
/Users/marina/MY_PROJECTS/BinSight_iOS_with_tflite/ml/trashnet_classifier/data/raw/dataset-resized/dataset-resized/cardboard/cardboard171.jpg,cardboard171.jpg,0,cardboard,1,glass,0.72572845,False,0.18011758,0.72572845,0.03440164,0.0001874605,0.0064815204,0.05308336
/Users/marina/MY_PROJECTS/BinSight_iOS_with_tflite/ml/trashnet_classifier/data/raw/dataset-resized/dataset-resized/plastic/plastic8.jpg,plastic8.jpg,4,plastic,1,glass,0.7210505,False,1.0110984e-07,0.7210505,0.0007231614,4.02043e-06,0.2764111,0.0018111125
/Users/marina/MY_PROJECTS/BinSight_iOS_with_tflite/ml/trashnet_classifier/data/raw/dataset-resized/dataset-resized/glass/glass446.jpg,glass446.jpg,1,glass,4,plastic,0.71730965,False,2.5762534e-05,0.2758244,0.0054379893,0.0009770404,0.71730965,0.0004251842
/Users/marina/MY_PROJECTS/BinSight_iOS_with_tflite/ml/trashnet_classifier/data/raw/dataset-resized/dataset-resized/plastic/plastic185.jpg,plastic185.jpg,4,plastic,1,glass,0.6955793,False,1.4511326e-05,0.6955793,0.0012984445,0.0027704665,0.26794305,0.03239413
/Users/marina/MY_PROJECTS/BinSight_iOS_with_tflite/ml/trashnet_classifier/data/raw/dataset-resized/dataset-resized/paper/paper190.jpg,paper190.jpg,3,paper,0,cardboard,0.69409025,False,0.69409025,0.0003098589,0.010338166,0.29447544,0.0002590334,0.0005271823
/Users/marina/MY_PROJECTS/BinSight_iOS_with_tflite/ml/trashnet_classifier/data/raw/dataset-resized/dataset-resized/paper/paper298.jpg,paper298.jpg,3,paper,0,cardboard,0.6813202,False,0.6813202,0.00013407411,0.00012672799,0.3175005,2.3927876e-05,0.00089455827
/Users/marina/MY_PROJECTS/BinSight_iOS_with_tflite/ml/trashnet_classifier/data/raw/dataset-resized/dataset-resized/metal/metal150.jpg,metal150.jpg,2,metal,4,plastic,0.6739136,False,0.00033341863,0.16273154,0.13085358,0.013972358,0.6739136,0.018195566
/Users/marina/MY_PROJECTS/BinSight_iOS_with_tflite/ml/trashnet_classifier/data/raw/dataset-resized/dataset-resized/plastic/plastic183.jpg,plastic183.jpg,4,plastic,5,trash,0.6710849,False,0.000411373,0.00046402236,0.0039770813,0.0015932829,0.32246938,0.6710849
/Users/marina/MY_PROJECTS/BinSight_iOS_with_tflite/ml/trashnet_classifier/data/raw/dataset-resized/dataset-resized/paper/paper310.jpg,paper310.jpg,3,paper,0,cardboard,0.6703296,False,0.6703296,1.2979151e-05,0.00077266956,0.31230778,0.00045206328,0.016124986
/Users/marina/MY_PROJECTS/BinSight_iOS_with_tflite/ml/trashnet_classifier/data/raw/dataset-resized/dataset-resized/glass/glass284.jpg,glass284.jpg,1,glass,4,plastic,0.6684835,False,0.0002966387,0.2869071,0.04106111,0.0010688576,0.6684835,0.0021829142
/Users/marina/MY_PROJECTS/BinSight_iOS_with_tflite/ml/trashnet_classifier/data/raw/dataset-resized/dataset-resized/metal/metal160.jpg,metal160.jpg,2,metal,1,glass,0.66468346,False,7.0668786e-05,0.66468346,0.3040941,3.8029702e-05,0.011879247,0.0192346
/Users/marina/MY_PROJECTS/BinSight_iOS_with_tflite/ml/trashnet_classifier/data/raw/dataset-resized/dataset-resized/paper/paper293.jpg,paper293.jpg,3,paper,4,plastic,0.6454244,False,0.0140191,0.019826744,0.017604958,0.30084413,0.6454244,0.0022806625
/Users/marina/MY_PROJECTS/BinSight_iOS_with_tflite/ml/trashnet_classifier/data/raw/dataset-resized/dataset-resized/paper/paper588.jpg,paper588.jpg,3,paper,2,metal,0.6328632,False,0.028626831,0.004057068,0.6328632,0.024900239,0.120760955,0.18879174
/Users/marina/MY_PROJECTS/BinSight_iOS_with_tflite/ml/trashnet_classifier/data/raw/dataset-resized/dataset-resized/trash/trash57.jpg,trash57.jpg,5,trash,4,plastic,0.627975,False,0.003937134,0.03433608,0.0023354937,0.015413929,0.627975,0.31600243
/Users/marina/MY_PROJECTS/BinSight_iOS_with_tflite/ml/trashnet_classifier/data/raw/dataset-resized/dataset-resized/paper/paper399.jpg,paper399.jpg,3,paper,2,metal,0.6113754,False,0.00340758,0.0005833185,0.6113754,0.18001756,0.00010126315,0.204515
/Users/marina/MY_PROJECTS/BinSight_iOS_with_tflite/ml/trashnet_classifier/data/raw/dataset-resized/dataset-resized/glass/glass429.jpg,glass429.jpg,1,glass,2,metal,0.6041916,False,0.013445416,0.29724288,0.6041916,0.0045689917,0.06035791,0.020193152
/Users/marina/MY_PROJECTS/BinSight_iOS_with_tflite/ml/trashnet_classifier/data/raw/dataset-resized/dataset-resized/paper/paper568.jpg,paper568.jpg,3,paper,0,cardboard,0.60338813,False,0.60338813,2.2663462e-05,0.003642423,0.027191242,3.664095e-05,0.365719
/Users/marina/MY_PROJECTS/BinSight_iOS_with_tflite/ml/trashnet_classifier/data/raw/dataset-resized/dataset-resized/paper/paper590.jpg,paper590.jpg,3,paper,5,trash,0.6001999,False,0.021589916,0.041223116,0.0010800295,0.111494504,0.22441255,0.6001999
/Users/marina/MY_PROJECTS/BinSight_iOS_with_tflite/ml/trashnet_classifier/data/raw/dataset-resized/dataset-resized/paper/paper536.jpg,paper536.jpg,3,paper,5,trash,0.5929208,False,0.000634428,0.00049616897,0.05564819,0.34685084,0.0034495324,0.5929208
/Users/marina/MY_PROJECTS/BinSight_iOS_with_tflite/ml/trashnet_classifier/data/raw/dataset-resized/dataset-resized/plastic/plastic255.jpg,plastic255.jpg,4,plastic,1,glass,0.59224963,False,1.2220344e-06,0.59224963,0.019717813,0.00021450857,0.38683793,0.0009789938
/Users/marina/MY_PROJECTS/BinSight_iOS_with_tflite/ml/trashnet_classifier/data/raw/dataset-resized/dataset-resized/plastic/plastic418.jpg,plastic418.jpg,4,plastic,2,metal,0.5698023,False,0.00027307498,0.00082628045,0.5698023,0.003161739,0.42591068,2.5884972e-05
/Users/marina/MY_PROJECTS/BinSight_iOS_with_tflite/ml/trashnet_classifier/data/raw/dataset-resized/dataset-resized/paper/paper256.jpg,paper256.jpg,3,paper,5,trash,0.5593453,False,0.41470554,0.00018723277,0.0016234389,0.01722963,0.006908803,0.5593453
/Users/marina/MY_PROJECTS/BinSight_iOS_with_tflite/ml/trashnet_classifier/data/raw/dataset-resized/dataset-resized/plastic/plastic413.jpg,plastic413.jpg,4,plastic,1,glass,0.548856,False,2.4521646e-07,0.548856,0.00069482665,1.9361401e-07,0.45030722,0.0001414748
/Users/marina/MY_PROJECTS/BinSight_iOS_with_tflite/ml/trashnet_classifier/data/raw/dataset-resized/dataset-resized/glass/glass442.jpg,glass442.jpg,1,glass,2,metal,0.5418591,False,8.151156e-07,0.4569444,0.5418591,3.7843133e-06,0.0011879469,4.1075436e-06
/Users/marina/MY_PROJECTS/BinSight_iOS_with_tflite/ml/trashnet_classifier/data/raw/dataset-resized/dataset-resized/glass/glass217.jpg,glass217.jpg,1,glass,4,plastic,0.53185976,False,2.1727164e-05,0.34576395,0.102427416,1.5945323e-05,0.53185976,0.0199112
/Users/marina/MY_PROJECTS/BinSight_iOS_with_tflite/ml/trashnet_classifier/data/raw/dataset-resized/dataset-resized/paper/paper334.jpg,paper334.jpg,3,paper,4,plastic,0.53069776,False,0.00082218956,0.002834242,0.31381196,0.0012341344,0.53069776,0.1505998
/Users/marina/MY_PROJECTS/BinSight_iOS_with_tflite/ml/trashnet_classifier/data/raw/dataset-resized/dataset-resized/plastic/plastic302.jpg,plastic302.jpg,4,plastic,2,metal,0.52642834,False,0.0001094224,0.009354597,0.52642834,0.00029557955,0.46349797,0.0003139995
/Users/marina/MY_PROJECTS/BinSight_iOS_with_tflite/ml/trashnet_classifier/data/raw/dataset-resized/dataset-resized/plastic/plastic441.jpg,plastic441.jpg,4,plastic,2,metal,0.5243539,False,5.6784258e-05,0.1215245,0.5243539,3.2803993e-05,0.34028745,0.01374459
/Users/marina/MY_PROJECTS/BinSight_iOS_with_tflite/ml/trashnet_classifier/data/raw/dataset-resized/dataset-resized/glass/glass444.jpg,glass444.jpg,1,glass,2,metal,0.51440686,False,2.082097e-05,0.47950378,0.51440686,6.5001936e-05,0.0033059302,0.0026976042
/Users/marina/MY_PROJECTS/BinSight_iOS_with_tflite/ml/trashnet_classifier/data/raw/dataset-resized/dataset-resized/glass/glass13.jpg,glass13.jpg,1,glass,4,plastic,0.5137137,False,1.8601146e-05,0.47375277,0.003326167,0.00043482147,0.5137137,0.008753949
/Users/marina/MY_PROJECTS/BinSight_iOS_with_tflite/ml/trashnet_classifier/data/raw/dataset-resized/dataset-resized/metal/metal171.jpg,metal171.jpg,2,metal,5,trash,0.5131085,False,0.0008521794,0.035956793,0.43911716,0.00012015386,0.010845198,0.5131085
/Users/marina/MY_PROJECTS/BinSight_iOS_with_tflite/ml/trashnet_classifier/data/raw/dataset-resized/dataset-resized/plastic/plastic113.jpg,plastic113.jpg,4,plastic,2,metal,0.50895315,False,0.0013763439,0.039026648,0.50895315,0.0011970638,0.43705136,0.012395415
/Users/marina/MY_PROJECTS/BinSight_iOS_with_tflite/ml/trashnet_classifier/data/raw/dataset-resized/dataset-resized/trash/trash66.jpg,trash66.jpg,5,trash,2,metal,0.50855356,False,0.003953154,0.00023306234,0.50855356,0.09773822,0.0039472436,0.38557476
/Users/marina/MY_PROJECTS/BinSight_iOS_with_tflite/ml/trashnet_classifier/data/raw/dataset-resized/dataset-resized/plastic/plastic404.jpg,plastic404.jpg,4,plastic,1,glass,0.46920562,False,0.0002810922,0.46920562,0.15445714,0.007403035,0.3407656,0.027887467
/Users/marina/MY_PROJECTS/BinSight_iOS_with_tflite/ml/trashnet_classifier/data/raw/dataset-resized/dataset-resized/trash/trash40.jpg,trash40.jpg,5,trash,2,metal,0.44335887,False,0.00010200622,0.3069257,0.44335887,0.004468986,0.009233784,0.23591058
/Users/marina/MY_PROJECTS/BinSight_iOS_with_tflite/ml/trashnet_classifier/data/raw/dataset-resized/dataset-resized/cardboard/cardboard166.jpg,cardboard166.jpg,0,cardboard,4,plastic,0.4301873,False,0.09016507,0.014698008,0.0059549897,0.40511942,0.4301873,0.053875133
/Users/marina/MY_PROJECTS/BinSight_iOS_with_tflite/ml/trashnet_classifier/data/raw/dataset-resized/dataset-resized/metal/metal245.jpg,metal245.jpg,2,metal,4,plastic,0.41300407,False,0.00496019,0.061729245,0.34121847,0.02067982,0.41300407,0.15840818
/Users/marina/MY_PROJECTS/BinSight_iOS_with_tflite/ml/trashnet_classifier/data/raw/dataset-resized/dataset-resized/trash/trash56.jpg,trash56.jpg,5,trash,4,plastic,0.3664776,False,0.3011652,3.8268456e-05,3.0186213e-05,0.0061211553,0.3664776,0.32616755
